INSERT INTO `vs_centers` (`CenterId`, `CenterName`, `CohortID`, `Efid`,   `isDeleted`, `SubCountyId`, `created_at`) 
VALUES 
(208,'SAKURI B','2',737,0,0,CURRENT_TIMESTAMP),
(209,'KOMBE PEFA','2',738,0,0,CURRENT_TIMESTAMP),
(210,'KUGITIMO WORD FAITH','2',739,0,0,CURRENT_TIMESTAMP),
(211,'NTIYANGE B','2',740,0,0,CURRENT_TIMESTAMP),
(212,'KUGITIMO MARANATHA','2',741,0,0,CURRENT_TIMESTAMP),
(213,'NYAMAGENGA SDA','2',742,0,0,CURRENT_TIMESTAMP),
(214,'NGISIRU B','2',743,0,0,CURRENT_TIMESTAMP),
(215,'KOMBE APOSTOLIC','2',744,0,0,CURRENT_TIMESTAMP),
(216,'NYAWAITANCHIRA','2',745,0,0,CURRENT_TIMESTAMP),
(217,'WANGIRABOSE','2',746,0,0,CURRENT_TIMESTAMP),
(218,'NGISIRU A','2',747,0,0,CURRENT_TIMESTAMP),
(219,'ROMASANDA S.','2',748,0,0,CURRENT_TIMESTAMP),
(220,'MOHETO ANTIOCH','2',749,0,0,CURRENT_TIMESTAMP),
(221,'NYAMAGENGA B','2',750,0,0,CURRENT_TIMESTAMP),
(222,'SAKURI A','2',751,0,0,CURRENT_TIMESTAMP),
(223,'KUGITIMO SDA','2',752,0,0,CURRENT_TIMESTAMP),
(224,'NTIYANGE A','2',753,0,0,CURRENT_TIMESTAMP),
(225,'MABERA SDA','2',754,0,0,CURRENT_TIMESTAMP),
(226,'COMMUNITY CENTRE','2',755,0,0,CURRENT_TIMESTAMP),
(227,'Nyametaburo','2',756,0,0,CURRENT_TIMESTAMP),
(228,'MABERA BAPTIST','2',757,0,0,CURRENT_TIMESTAMP),
(229,'KEROBARE','2',758,0,0,CURRENT_TIMESTAMP),
(230,'NYAMANCHE A','2',759,0,0,CURRENT_TIMESTAMP),
(231,'NYAMANCHE B','2',760,0,0,CURRENT_TIMESTAMP),
(232,'GOT ORANGO A','2',761,0,0,CURRENT_TIMESTAMP),
(233,'GOT ORANGO B','2',762,0,0,CURRENT_TIMESTAMP);


INSERT INTO `vs_staff` (`id`, `name`, `position`, `county_id`, `center_id`, `phone_number`,  `active`) 
VALUES 
(737,'ADHIAMBO NAOMY OJIJO',2,3,208,'0796354418', 1),
(738,'RANGE MARTHA RIOBA',2,3,209,'0723075904', 1),
(739,'ROBI MARIA MAGOIGA',2,3,210,'0717972088', 1),
(740,'WAITHERA GRACE CHACHA',2,3,211,'0718502376', 1),
(741,'ROBI SUSAN RIOBA',2,3,212,'0704457535', 1),
(742,'LILIAN PENDO NYAWANGA',2,3,213,'0726097165', 1),
(743,'JOSEPHINE TEGERE MOGORI',2,3,214,'0705155722', 1),
(744,'NCHAMA N. JANE',2,3,215,'0723588403', 1),
(745,'CHACHA GHATI FLORENCE',2,3,216,'0704489461', 1),
(746,'MAGAIWA ROSSY THOMAS',2,3,217,'0759173680', 1),
(747,'EVARLINE ROBI CHACHA',2,3,218,'0702415267', 1),
(748,'PAULINE CHACHA',2,3,219,'0711882126', 1),
(749,'ARUMBA MERCYLINE TERESINA',2,3,220,'0729822279', 1),
(750,'RAEL NYAHIRI',2,3,221,'0708161337', 1),
(751,'PAULINE BHOKE',2,3,222,'0728274105', 1),
(752,'PHILOMENA ADOYO',2,3,223,'0768079131', 1),
(753,'ESTERINE KIBIBI',2,3,224,'0712837881', 1),
(754,'PENDO GATI',2,3,225,'0799012959', 1),
(755,'Christine Nyongesa',2,3,226,'0727629491', 1),
(756,'Gladys Nyamusi Gitaga',2,3,227,'0711550495', 1),
(757,'ROBI CONSLATE LUCAS',2,3,228,'0791025319', 1),
(758,'Rose Mokami Mwita',2,3,229,'0701336098', 1),
(759,'Gati Zainabu Beneti',2,3,230,'0704347209', 1),
(760,'Rebbeca Saguge Magena',2,3,231,'0701467009', 1),
(761,'Masline Akinyi Juma',2,3,232,'0710690235', 1),
(762,'Saline Odongo Misao',2,3,233,'0716312689', 1);



INSERT INTO `user`(`UserId`, `Username`, `Password`, `UserType`, `first_password`, `StaffId`, `fullname`) 
VALUES 
(737,'0796354418',md5('MIGORIEF'),'1','MIGORIEF', 737, 'ADHIAMBO NAOMY OJIJO'),
(738,'0723075904',md5('MIGORIEF'),'1','MIGORIEF', 738, 'RANGE MARTHA RIOBA'),
(739,'0717972088',md5('MIGORIEF'),'1','MIGORIEF', 739, 'ROBI MARIA MAGOIGA'),
(740,'0718502376',md5('MIGORIEF'),'1','MIGORIEF', 740, 'WAITHERA GRACE CHACHA'),
(741,'0704457535',md5('MIGORIEF'),'1','MIGORIEF', 741, 'ROBI SUSAN RIOBA'),
(742,'0726097165',md5('MIGORIEF'),'1','MIGORIEF', 742, 'LILIAN PENDO NYAWANGA'),
(743,'0705155722',md5('MIGORIEF'),'1','MIGORIEF', 743, 'JOSEPHINE TEGERE MOGORI'),
(744,'0723588403',md5('MIGORIEF'),'1','MIGORIEF', 744, 'NCHAMA N. JANE'),
(745,'0704489461',md5('MIGORIEF'),'1','MIGORIEF', 745, 'CHACHA GHATI FLORENCE'),
(746,'0759173680',md5('MIGORIEF'),'1','MIGORIEF', 746, 'MAGAIWA ROSSY THOMAS'),
(747,'0702415267',md5('MIGORIEF'),'1','MIGORIEF', 747, 'EVARLINE ROBI CHACHA'),
(748,'0711882126',md5('MIGORIEF'),'1','MIGORIEF', 748, 'PAULINE CHACHA'),
(749,'0729822279',md5('MIGORIEF'),'1','MIGORIEF', 749, 'ARUMBA MERCYLINE TERESINA'),
(750,'0708161337',md5('MIGORIEF'),'1','MIGORIEF', 750, 'RAEL NYAHIRI'),
(751,'0728274105',md5('MIGORIEF'),'1','MIGORIEF', 751, 'PAULINE BHOKE'),
(752,'0768079131',md5('MIGORIEF'),'1','MIGORIEF', 752, 'PHILOMENA ADOYO'),
(753,'0712837881',md5('MIGORIEF'),'1','MIGORIEF', 753, 'ESTERINE KIBIBI'),
(754,'0799012959',md5('MIGORIEF'),'1','MIGORIEF', 754, 'PENDO GATI'),
(755,'0727629491',md5('MIGORIEF'),'1','MIGORIEF', 755, 'Christine Nyongesa'),
(756,'0711550495',md5('MIGORIEF'),'1','MIGORIEF', 756, 'Gladys Nyamusi Gitaga'),
(757,'0791025319',md5('MIGORIEF'),'1','MIGORIEF', 757, 'ROBI CONSLATE LUCAS'),
(758,'0701336098',md5('MIGORIEF'),'1','MIGORIEF', 758, 'Rose Mokami Mwita'),
(759,'0704347209',md5('MIGORIEF'),'1','MIGORIEF', 759, 'Gati Zainabu Beneti'),
(760,'0701467009',md5('MIGORIEF'),'1','MIGORIEF', 760, 'Rebbeca Saguge Magena'),
(761,'0710690235',md5('MIGORIEF'),'1','MIGORIEF', 761, 'Masline Akinyi Juma'),
(762,'0716312689',md5('MIGORIEF'),'1','MIGORIEF', 762, 'Saline Odongo Misao');


JOSEPHINE

GRACE CHACHA




